Tile,Aerial 2012 GeoTIFF,Aerial 2012 MrSID,Aerial 2016 GeoTIFF,Aerial 2016 MrSID3,Aerial 2016 MrSID4,DEM 2016,Point cloud 2016 (las),Aerial 2019 GeoTIFF,Aerial 2023 GeoTIFF,Aerial 2023 MrSID3,Aerial 2023 MrSID4,DEM 2023,Point cloud 2023 (laz)
930645_ne,https://magic.lib.uconn.edu/magic_8/raster/37800/aerial/2012/Tiles/tif/930645.zip,https://magic.lib.uconn.edu/magic_8/raster/37800/aerial/2012/Tiles/sid/930645.zip,https://cteco.uconn.edu/download/aerial/2016/tiles/Tif/930645_ne.zip,https://cteco.uconn.edu/download/aerial/2016/tiles/sid3/930645_ne.zip,https://cteco.uconn.edu/download/aerial/2016/tiles/sid4/930645_ne.zip,https://cteco.uconn.edu/download/DEM/2016/tiles/930645_ne.zip,https://cteco.uconn.edu/download/LAS/2016/tiles/930645_ne.zip,https://cteco.uconn.edu/download/aerial/2019/tiles/tif/930645_ne.zip,https://cteco.uconn.edu/download/aerial/2023/tiles/tif/930645_ne.zip,https://cteco.uconn.edu/download/aerial/2023/tiles/sid3/930645_ne.zip,https://cteco.uconn.edu/download/aerial/2023/tiles/sid4/930645_ne.zip,https://cteco.uconn.edu/download/DEM/2023/tiles/930645_ne.zip,https://cteco.uconn.edu/download/LAZ/2023/tiles/930645_ne.zip
930645_se,https://magic.lib.uconn.edu/magic_8/raster/37800/aerial/2012/Tiles/tif/930645.zip,https://magic.lib.uconn.edu/magic_8/raster/37800/aerial/2012/Tiles/sid/930645.zip,https://cteco.uconn.edu/download/aerial/2016/tiles/Tif/930645_se.zip,https://cteco.uconn.edu/download/aerial/2016/tiles/sid3/930645_se.zip,https://cteco.uconn.edu/download/aerial/2016/tiles/sid4/930645_se.zip,https://cteco.uconn.edu/download/DEM/2016/tiles/930645_se.zip,https://cteco.uconn.edu/download/LAS/2016/tiles/930645_se.zip,https://cteco.uconn.edu/download/aerial/2019/tiles/tif/930645_se.zip,https://cteco.uconn.edu/download/aerial/2023/tiles/tif/930645_se.zip,https://cteco.uconn.edu/download/aerial/2023/tiles/sid3/930645_se.zip,https://cteco.uconn.edu/download/aerial/2023/tiles/sid4/930645_se.zip,https://cteco.uconn.edu/download/DEM/2023/tiles/930645_se.zip,https://cteco.uconn.edu/download/LAZ/2023/tiles/930645_se.zip
930650_ne,https://magic.lib.uconn.edu/magic_8/raster/37800/aerial/2012/Tiles/tif/930650.zip,https://magic.lib.uconn.edu/magic_8/raster/37800/aerial/2012/Tiles/sid/930650.zip,https://cteco.uconn.edu/download/aerial/2016/tiles/Tif/930650_ne.zip,https://cteco.uconn.edu/download/aerial/2016/tiles/sid3/930650_ne.zip,https://cteco.uconn.edu/download/aerial/2016/tiles/sid4/930650_ne.zip,https://cteco.uconn.edu/download/DEM/2016/tiles/930650_ne.zip,https://cteco.uconn.edu/download/LAS/2016/tiles/930650_ne.zip,https://cteco.uconn.edu/download/aerial/2019/tiles/tif/930650_ne.zip,https://cteco.uconn.edu/download/aerial/2023/tiles/tif/930650_ne.zip,https://cteco.uconn.edu/download/aerial/2023/tiles/sid3/930650_ne.zip,https://cteco.uconn.edu/download/aerial/2023/tiles/sid4/930650_ne.zip,https://cteco.uconn.edu/download/DEM/2023/tiles/930650_ne.zip,https://cteco.uconn.edu/download/LAZ/2023/tiles/930650_ne.zip
930650_se,https://magic.lib.uconn.edu/magic_8/raster/37800/aerial/2012/Tiles/tif/930650.zip,https://magic.lib.uconn.edu/magic_8/raster/37800/aerial/2012/Tiles/sid/930650.zip,https://cteco.uconn.edu/download/aerial/2016/tiles/Tif/930650_se.zip,https://cteco.uconn.edu/download/aerial/2016/tiles/sid3/930650_se.zip,https://cteco.uconn.edu/download/aerial/2016/tiles/sid4/930650_se.zip,https://cteco.uconn.edu/download/DEM/2016/tiles/930650_se.zip,https://cteco.uconn.edu/download/LAS/2016/tiles/930650_se.zip,https://cteco.uconn.edu/download/aerial/2019/tiles/tif/930650_se.zip,https://cteco.uconn.edu/download/aerial/2023/tiles/tif/930650_se.zip,https://cteco.uconn.edu/download/aerial/2023/tiles/sid3/930650_se.zip,https://cteco.uconn.edu/download/aerial/2023/tiles/sid4/930650_se.zip,https://cteco.uconn.edu/download/DEM/2023/tiles/930650_se.zip,https://cteco.uconn.edu/download/LAZ/2023/tiles/930650_se.zip
930655_ne,https://magic.lib.uconn.edu/magic_8/raster/37800/aerial/2012/Tiles/tif/930655.zip,https://magic.lib.uconn.edu/magic_8/raster/37800/aerial/2012/Tiles/sid/930655.zip,https://cteco.uconn.edu/download/aerial/2016/tiles/Tif/930655_ne.zip,https://cteco.uconn.edu/download/aerial/2016/tiles/sid3/930655_ne.zip,https://cteco.uconn.edu/download/aerial/2016/tiles/sid4/930655_ne.zip,https://cteco.uconn.edu/download/DEM/2016/tiles/930655_ne.zip,https://cteco.uconn.edu/download/LAS/2016/tiles/930655_ne.zip,https://cteco.uconn.edu/download/aerial/2019/tiles/tif/930655_ne.zip,https://cteco.uconn.edu/download/aerial/2023/tiles/tif/930655_ne.zip,https://cteco.uconn.edu/download/aerial/2023/tiles/sid3/930655_ne.zip,https://cteco.uconn.edu/download/aerial/2023/tiles/sid4/930655_ne.zip,https://cteco.uconn.edu/download/DEM/2023/tiles/930655_ne.zip,https://cteco.uconn.edu/download/LAZ/2023/tiles/930655_ne.zip
930655_se,https://magic.lib.uconn.edu/magic_8/raster/37800/aerial/2012/Tiles/tif/930655.zip,https://magic.lib.uconn.edu/magic_8/raster/37800/aerial/2012/Tiles/sid/930655.zip,https://cteco.uconn.edu/download/aerial/2016/tiles/Tif/930655_se.zip,https://cteco.uconn.edu/download/aerial/2016/tiles/sid3/930655_se.zip,https://cteco.uconn.edu/download/aerial/2016/tiles/sid4/930655_se.zip,https://cteco.uconn.edu/download/DEM/2016/tiles/930655_se.zip,https://cteco.uconn.edu/download/LAS/2016/tiles/930655_se.zip,https://cteco.uconn.edu/download/aerial/2019/tiles/tif/930655_se.zip,https://cteco.uconn.edu/download/aerial/2023/tiles/tif/930655_se.zip,https://cteco.uconn.edu/download/aerial/2023/tiles/sid3/930655_se.zip,https://cteco.uconn.edu/download/aerial/2023/tiles/sid4/930655_se.zip,https://cteco.uconn.edu/download/DEM/2023/tiles/930655_se.zip,https://cteco.uconn.edu/download/LAZ/2023/tiles/930655_se.zip
930660_ne,https://magic.lib.uconn.edu/magic_8/raster/37800/aerial/2012/Tiles/tif/930660.zip,https://magic.lib.uconn.edu/magic_8/raster/37800/aerial/2012/Tiles/sid/930660.zip,https://cteco.uconn.edu/download/aerial/2016/tiles/Tif/930660_ne.zip,https://cteco.uconn.edu/download/aerial/2016/tiles/sid3/930660_ne.zip,https://cteco.uconn.edu/download/aerial/2016/tiles/sid4/930660_ne.zip,https://cteco.uconn.edu/download/DEM/2016/tiles/930660_ne.zip,https://cteco.uconn.edu/download/LAS/2016/tiles/930660_ne.zip,https://cteco.uconn.edu/download/aerial/2019/tiles/tif/930660_ne.zip,https://cteco.uconn.edu/download/aerial/2023/tiles/tif/930660_ne.zip,https://cteco.uconn.edu/download/aerial/2023/tiles/sid3/930660_ne.zip,https://cteco.uconn.edu/download/aerial/2023/tiles/sid4/930660_ne.zip,https://cteco.uconn.edu/download/DEM/2023/tiles/930660_ne.zip,https://cteco.uconn.edu/download/LAZ/2023/tiles/930660_ne.zip
930660_se,https://magic.lib.uconn.edu/magic_8/raster/37800/aerial/2012/Tiles/tif/930660.zip,https://magic.lib.uconn.edu/magic_8/raster/37800/aerial/2012/Tiles/sid/930660.zip,https://cteco.uconn.edu/download/aerial/2016/tiles/Tif/930660_se.zip,https://cteco.uconn.edu/download/aerial/2016/tiles/sid3/930660_se.zip,https://cteco.uconn.edu/download/aerial/2016/tiles/sid4/930660_se.zip,https://cteco.uconn.edu/download/DEM/2016/tiles/930660_se.zip,https://cteco.uconn.edu/download/LAS/2016/tiles/930660_se.zip,https://cteco.uconn.edu/download/aerial/2019/tiles/tif/930660_se.zip,https://cteco.uconn.edu/download/aerial/2023/tiles/tif/930660_se.zip,https://cteco.uconn.edu/download/aerial/2023/tiles/sid3/930660_se.zip,https://cteco.uconn.edu/download/aerial/2023/tiles/sid4/930660_se.zip,https://cteco.uconn.edu/download/DEM/2023/tiles/930660_se.zip,https://cteco.uconn.edu/download/LAZ/2023/tiles/930660_se.zip
930665_se,https://magic.lib.uconn.edu/magic_8/raster/37800/aerial/2012/Tiles/tif/930665.zip,https://magic.lib.uconn.edu/magic_8/raster/37800/aerial/2012/Tiles/sid/930665.zip,https://cteco.uconn.edu/download/aerial/2016/tiles/Tif/930665_se.zip,https://cteco.uconn.edu/download/aerial/2016/tiles/sid3/930665_se.zip,https://cteco.uconn.edu/download/aerial/2016/tiles/sid4/930665_se.zip,https://cteco.uconn.edu/download/DEM/2016/tiles/930665_se.zip,https://cteco.uconn.edu/download/LAS/2016/tiles/930665_se.zip,https://cteco.uconn.edu/download/aerial/2019/tiles/tif/930665_se.zip,https://cteco.uconn.edu/download/aerial/2023/tiles/tif/930665_se.zip,https://cteco.uconn.edu/download/aerial/2023/tiles/sid3/930665_se.zip,https://cteco.uconn.edu/download/aerial/2023/tiles/sid4/930665_se.zip,https://cteco.uconn.edu/download/DEM/2023/tiles/930665_se.zip,https://cteco.uconn.edu/download/LAZ/2023/tiles/930665_se.zip
930670_ne,https://magic.lib.uconn.edu/magic_8/raster/37800/aerial/2012/Tiles/tif/930670.zip,https://magic.lib.uconn.edu/magic_8/raster/37800/aerial/2012/Tiles/sid/930670.zip,https://cteco.uconn.edu/download/aerial/2016/tiles/Tif/930670_ne.zip,https://cteco.uconn.edu/download/aerial/2016/tiles/sid3/930670_ne.zip,https://cteco.uconn.edu/download/aerial/2016/tiles/sid4/930670_ne.zip,https://cteco.uconn.edu/download/DEM/2016/tiles/930670_ne.zip,https://cteco.uconn.edu/download/LAS/2016/tiles/930670_ne.zip,https://cteco.uconn.edu/download/aerial/2019/tiles/tif/930670_ne.zip,https://cteco.uconn.edu/download/aerial/2023/tiles/tif/930670_ne.zip,https://cteco.uconn.edu/download/aerial/2023/tiles/sid3/930670_ne.zip,https://cteco.uconn.edu/download/aerial/2023/tiles/sid4/930670_ne.zip,https://cteco.uconn.edu/download/DEM/2023/tiles/930670_ne.zip,https://cteco.uconn.edu/download/LAZ/2023/tiles/930670_ne.zip
930675_se,https://magic.lib.uconn.edu/magic_8/raster/37800/aerial/2012/Tiles/tif/930675.zip,https://magic.lib.uconn.edu/magic_8/raster/37800/aerial/2012/Tiles/sid/930675.zip,https://cteco.uconn.edu/download/aerial/2016/tiles/Tif/930675_se.zip,https://cteco.uconn.edu/download/aerial/2016/tiles/sid3/930675_se.zip,https://cteco.uconn.edu/download/aerial/2016/tiles/sid4/930675_se.zip,https://cteco.uconn.edu/download/DEM/2016/tiles/930675_se.zip,https://cteco.uconn.edu/download/LAS/2016/tiles/930675_se.zip,https://cteco.uconn.edu/download/aerial/2019/tiles/tif/930675_se.zip,https://cteco.uconn.edu/download/aerial/2023/tiles/tif/930675_se.zip,https://cteco.uconn.edu/download/aerial/2023/tiles/sid3/930675_se.zip,https://cteco.uconn.edu/download/aerial/2023/tiles/sid4/930675_se.zip,https://cteco.uconn.edu/download/DEM/2023/tiles/930675_se.zip,https://cteco.uconn.edu/download/LAZ/2023/tiles/930675_se.zip
935645_ne,https://magic.lib.uconn.edu/magic_8/raster/37800/aerial/2012/Tiles/tif/935645.zip,https://magic.lib.uconn.edu/magic_8/raster/37800/aerial/2012/Tiles/sid/935645.zip,https://cteco.uconn.edu/download/aerial/2016/tiles/Tif/935645_ne.zip,https://cteco.uconn.edu/download/aerial/2016/tiles/sid3/935645_ne.zip,https://cteco.uconn.edu/download/aerial/2016/tiles/sid4/935645_ne.zip,https://cteco.uconn.edu/download/DEM/2016/tiles/935645_ne.zip,https://cteco.uconn.edu/download/LAS/2016/tiles/935645_ne.zip,https://cteco.uconn.edu/download/aerial/2019/tiles/tif/935645_ne.zip,https://cteco.uconn.edu/download/aerial/2023/tiles/tif/935645_ne.zip,https://cteco.uconn.edu/download/aerial/2023/tiles/sid3/935645_ne.zip,https://cteco.uconn.edu/download/aerial/2023/tiles/sid4/935645_ne.zip,https://cteco.uconn.edu/download/DEM/2023/tiles/935645_ne.zip,https://cteco.uconn.edu/download/LAZ/2023/tiles/935645_ne.zip
935645_nw,https://magic.lib.uconn.edu/magic_8/raster/37800/aerial/2012/Tiles/tif/935645.zip,https://magic.lib.uconn.edu/magic_8/raster/37800/aerial/2012/Tiles/sid/935645.zip,https://cteco.uconn.edu/download/aerial/2016/tiles/Tif/935645_nw.zip,https://cteco.uconn.edu/download/aerial/2016/tiles/sid3/935645_nw.zip,https://cteco.uconn.edu/download/aerial/2016/tiles/sid4/935645_nw.zip,https://cteco.uconn.edu/download/DEM/2016/tiles/935645_nw.zip,https://cteco.uconn.edu/download/LAS/2016/tiles/935645_nw.zip,https://cteco.uconn.edu/download/aerial/2019/tiles/tif/935645_nw.zip,https://cteco.uconn.edu/download/aerial/2023/tiles/tif/935645_nw.zip,https://cteco.uconn.edu/download/aerial/2023/tiles/sid3/935645_nw.zip,https://cteco.uconn.edu/download/aerial/2023/tiles/sid4/935645_nw.zip,https://cteco.uconn.edu/download/DEM/2023/tiles/935645_nw.zip,https://cteco.uconn.edu/download/LAZ/2023/tiles/935645_nw.zip
935645_se,https://magic.lib.uconn.edu/magic_8/raster/37800/aerial/2012/Tiles/tif/935645.zip,https://magic.lib.uconn.edu/magic_8/raster/37800/aerial/2012/Tiles/sid/935645.zip,https://cteco.uconn.edu/download/aerial/2016/tiles/Tif/935645_se.zip,https://cteco.uconn.edu/download/aerial/2016/tiles/sid3/935645_se.zip,https://cteco.uconn.edu/download/aerial/2016/tiles/sid4/935645_se.zip,https://cteco.uconn.edu/download/DEM/2016/tiles/935645_se.zip,https://cteco.uconn.edu/download/LAS/2016/tiles/935645_se.zip,https://cteco.uconn.edu/download/aerial/2019/tiles/tif/935645_se.zip,https://cteco.uconn.edu/download/aerial/2023/tiles/tif/935645_se.zip,https://cteco.uconn.edu/download/aerial/2023/tiles/sid3/935645_se.zip,https://cteco.uconn.edu/download/aerial/2023/tiles/sid4/935645_se.zip,https://cteco.uconn.edu/download/DEM/2023/tiles/935645_se.zip,https://cteco.uconn.edu/download/LAZ/2023/tiles/935645_se.zip
935645_sw,https://magic.lib.uconn.edu/magic_8/raster/37800/aerial/2012/Tiles/tif/935645.zip,https://magic.lib.uconn.edu/magic_8/raster/37800/aerial/2012/Tiles/sid/935645.zip,https://cteco.uconn.edu/download/aerial/2016/tiles/Tif/935645_sw.zip,https://cteco.uconn.edu/download/aerial/2016/tiles/sid3/935645_sw.zip,https://cteco.uconn.edu/download/aerial/2016/tiles/sid4/935645_sw.zip,https://cteco.uconn.edu/download/DEM/2016/tiles/935645_sw.zip,https://cteco.uconn.edu/download/LAS/2016/tiles/935645_sw.zip,https://cteco.uconn.edu/download/aerial/2019/tiles/tif/935645_sw.zip,https://cteco.uconn.edu/download/aerial/2023/tiles/tif/935645_sw.zip,https://cteco.uconn.edu/download/aerial/2023/tiles/sid3/935645_sw.zip,https://cteco.uconn.edu/download/aerial/2023/tiles/sid4/935645_sw.zip,https://cteco.uconn.edu/download/DEM/2023/tiles/935645_sw.zip,https://cteco.uconn.edu/download/LAZ/2023/tiles/935645_sw.zip
935650_ne,https://magic.lib.uconn.edu/magic_8/raster/37800/aerial/2012/Tiles/tif/935650.zip,https://magic.lib.uconn.edu/magic_8/raster/37800/aerial/2012/Tiles/sid/935650.zip,https://cteco.uconn.edu/download/aerial/2016/tiles/Tif/935650_ne.zip,https://cteco.uconn.edu/download/aerial/2016/tiles/sid3/935650_ne.zip,https://cteco.uconn.edu/download/aerial/2016/tiles/sid4/935650_ne.zip,https://cteco.uconn.edu/download/DEM/2016/tiles/935650_ne.zip,https://cteco.uconn.edu/download/LAS/2016/tiles/935650_ne.zip,https://cteco.uconn.edu/download/aerial/2019/tiles/tif/935650_ne.zip,https://cteco.uconn.edu/download/aerial/2023/tiles/tif/935650_ne.zip,https://cteco.uconn.edu/download/aerial/2023/tiles/sid3/935650_ne.zip,https://cteco.uconn.edu/download/aerial/2023/tiles/sid4/935650_ne.zip,https://cteco.uconn.edu/download/DEM/2023/tiles/935650_ne.zip,https://cteco.uconn.edu/download/LAZ/2023/tiles/935650_ne.zip
935650_nw,https://magic.lib.uconn.edu/magic_8/raster/37800/aerial/2012/Tiles/tif/935650.zip,https://magic.lib.uconn.edu/magic_8/raster/37800/aerial/2012/Tiles/sid/935650.zip,https://cteco.uconn.edu/download/aerial/2016/tiles/Tif/935650_nw.zip,https://cteco.uconn.edu/download/aerial/2016/tiles/sid3/935650_nw.zip,https://cteco.uconn.edu/download/aerial/2016/tiles/sid4/935650_nw.zip,https://cteco.uconn.edu/download/DEM/2016/tiles/935650_nw.zip,https://cteco.uconn.edu/download/LAS/2016/tiles/935650_nw.zip,https://cteco.uconn.edu/download/aerial/2019/tiles/tif/935650_nw.zip,https://cteco.uconn.edu/download/aerial/2023/tiles/tif/935650_nw.zip,https://cteco.uconn.edu/download/aerial/2023/tiles/sid3/935650_nw.zip,https://cteco.uconn.edu/download/aerial/2023/tiles/sid4/935650_nw.zip,https://cteco.uconn.edu/download/DEM/2023/tiles/935650_nw.zip,https://cteco.uconn.edu/download/LAZ/2023/tiles/935650_nw.zip
935650_se,https://magic.lib.uconn.edu/magic_8/raster/37800/aerial/2012/Tiles/tif/935650.zip,https://magic.lib.uconn.edu/magic_8/raster/37800/aerial/2012/Tiles/sid/935650.zip,https://cteco.uconn.edu/download/aerial/2016/tiles/Tif/935650_se.zip,https://cteco.uconn.edu/download/aerial/2016/tiles/sid3/935650_se.zip,https://cteco.uconn.edu/download/aerial/2016/tiles/sid4/935650_se.zip,https://cteco.uconn.edu/download/DEM/2016/tiles/935650_se.zip,https://cteco.uconn.edu/download/LAS/2016/tiles/935650_se.zip,https://cteco.uconn.edu/download/aerial/2019/tiles/tif/935650_se.zip,https://cteco.uconn.edu/download/aerial/2023/tiles/tif/935650_se.zip,https://cteco.uconn.edu/download/aerial/2023/tiles/sid3/935650_se.zip,https://cteco.uconn.edu/download/aerial/2023/tiles/sid4/935650_se.zip,https://cteco.uconn.edu/download/DEM/2023/tiles/935650_se.zip,https://cteco.uconn.edu/download/LAZ/2023/tiles/935650_se.zip
935650_sw,https://magic.lib.uconn.edu/magic_8/raster/37800/aerial/2012/Tiles/tif/935650.zip,https://magic.lib.uconn.edu/magic_8/raster/37800/aerial/2012/Tiles/sid/935650.zip,https://cteco.uconn.edu/download/aerial/2016/tiles/Tif/935650_sw.zip,https://cteco.uconn.edu/download/aerial/2016/tiles/sid3/935650_sw.zip,https://cteco.uconn.edu/download/aerial/2016/tiles/sid4/935650_sw.zip,https://cteco.uconn.edu/download/DEM/2016/tiles/935650_sw.zip,https://cteco.uconn.edu/download/LAS/2016/tiles/935650_sw.zip,https://cteco.uconn.edu/download/aerial/2019/tiles/tif/935650_sw.zip,https://cteco.uconn.edu/download/aerial/2023/tiles/tif/935650_sw.zip,https://cteco.uconn.edu/download/aerial/2023/tiles/sid3/935650_sw.zip,https://cteco.uconn.edu/download/aerial/2023/tiles/sid4/935650_sw.zip,https://cteco.uconn.edu/download/DEM/2023/tiles/935650_sw.zip,https://cteco.uconn.edu/download/LAZ/2023/tiles/935650_sw.zip
935655_ne,https://magic.lib.uconn.edu/magic_8/raster/37800/aerial/2012/Tiles/tif/935655.zip,https://magic.lib.uconn.edu/magic_8/raster/37800/aerial/2012/Tiles/sid/935655.zip,https://cteco.uconn.edu/download/aerial/2016/tiles/Tif/935655_ne.zip,https://cteco.uconn.edu/download/aerial/2016/tiles/sid3/935655_ne.zip,https://cteco.uconn.edu/download/aerial/2016/tiles/sid4/935655_ne.zip,https://cteco.uconn.edu/download/DEM/2016/tiles/935655_ne.zip,https://cteco.uconn.edu/download/LAS/2016/tiles/935655_ne.zip,https://cteco.uconn.edu/download/aerial/2019/tiles/tif/935655_ne.zip,https://cteco.uconn.edu/download/aerial/2023/tiles/tif/935655_ne.zip,https://cteco.uconn.edu/download/aerial/2023/tiles/sid3/935655_ne.zip,https://cteco.uconn.edu/download/aerial/2023/tiles/sid4/935655_ne.zip,https://cteco.uconn.edu/download/DEM/2023/tiles/935655_ne.zip,https://cteco.uconn.edu/download/LAZ/2023/tiles/935655_ne.zip
935655_nw,https://magic.lib.uconn.edu/magic_8/raster/37800/aerial/2012/Tiles/tif/935655.zip,https://magic.lib.uconn.edu/magic_8/raster/37800/aerial/2012/Tiles/sid/935655.zip,https://cteco.uconn.edu/download/aerial/2016/tiles/Tif/935655_nw.zip,https://cteco.uconn.edu/download/aerial/2016/tiles/sid3/935655_nw.zip,https://cteco.uconn.edu/download/aerial/2016/tiles/sid4/935655_nw.zip,https://cteco.uconn.edu/download/DEM/2016/tiles/935655_nw.zip,https://cteco.uconn.edu/download/LAS/2016/tiles/935655_nw.zip,https://cteco.uconn.edu/download/aerial/2019/tiles/tif/935655_nw.zip,https://cteco.uconn.edu/download/aerial/2023/tiles/tif/935655_nw.zip,https://cteco.uconn.edu/download/aerial/2023/tiles/sid3/935655_nw.zip,https://cteco.uconn.edu/download/aerial/2023/tiles/sid4/935655_nw.zip,https://cteco.uconn.edu/download/DEM/2023/tiles/935655_nw.zip,https://cteco.uconn.edu/download/LAZ/2023/tiles/935655_nw.zip
935655_se,https://magic.lib.uconn.edu/magic_8/raster/37800/aerial/2012/Tiles/tif/935655.zip,https://magic.lib.uconn.edu/magic_8/raster/37800/aerial/2012/Tiles/sid/935655.zip,https://cteco.uconn.edu/download/aerial/2016/tiles/Tif/935655_se.zip,https://cteco.uconn.edu/download/aerial/2016/tiles/sid3/935655_se.zip,https://cteco.uconn.edu/download/aerial/2016/tiles/sid4/935655_se.zip,https://cteco.uconn.edu/download/DEM/2016/tiles/935655_se.zip,https://cteco.uconn.edu/download/LAS/2016/tiles/935655_se.zip,https://cteco.uconn.edu/download/aerial/2019/tiles/tif/935655_se.zip,https://cteco.uconn.edu/download/aerial/2023/tiles/tif/935655_se.zip,https://cteco.uconn.edu/download/aerial/2023/tiles/sid3/935655_se.zip,https://cteco.uconn.edu/download/aerial/2023/tiles/sid4/935655_se.zip,https://cteco.uconn.edu/download/DEM/2023/tiles/935655_se.zip,https://cteco.uconn.edu/download/LAZ/2023/tiles/935655_se.zip
935655_sw,https://magic.lib.uconn.edu/magic_8/raster/37800/aerial/2012/Tiles/tif/935655.zip,https://magic.lib.uconn.edu/magic_8/raster/37800/aerial/2012/Tiles/sid/935655.zip,https://cteco.uconn.edu/download/aerial/2016/tiles/Tif/935655_sw.zip,https://cteco.uconn.edu/download/aerial/2016/tiles/sid3/935655_sw.zip,https://cteco.uconn.edu/download/aerial/2016/tiles/sid4/935655_sw.zip,https://cteco.uconn.edu/download/DEM/2016/tiles/935655_sw.zip,https://cteco.uconn.edu/download/LAS/2016/tiles/935655_sw.zip,https://cteco.uconn.edu/download/aerial/2019/tiles/tif/935655_sw.zip,https://cteco.uconn.edu/download/aerial/2023/tiles/tif/935655_sw.zip,https://cteco.uconn.edu/download/aerial/2023/tiles/sid3/935655_sw.zip,https://cteco.uconn.edu/download/aerial/2023/tiles/sid4/935655_sw.zip,https://cteco.uconn.edu/download/DEM/2023/tiles/935655_sw.zip,https://cteco.uconn.edu/download/LAZ/2023/tiles/935655_sw.zip
935660_ne,https://magic.lib.uconn.edu/magic_8/raster/37800/aerial/2012/Tiles/tif/935660.zip,https://magic.lib.uconn.edu/magic_8/raster/37800/aerial/2012/Tiles/sid/935660.zip,https://cteco.uconn.edu/download/aerial/2016/tiles/Tif/935660_ne.zip,https://cteco.uconn.edu/download/aerial/2016/tiles/sid3/935660_ne.zip,https://cteco.uconn.edu/download/aerial/2016/tiles/sid4/935660_ne.zip,https://cteco.uconn.edu/download/DEM/2016/tiles/935660_ne.zip,https://cteco.uconn.edu/download/LAS/2016/tiles/935660_ne.zip,https://cteco.uconn.edu/download/aerial/2019/tiles/tif/935660_ne.zip,https://cteco.uconn.edu/download/aerial/2023/tiles/tif/935660_ne.zip,https://cteco.uconn.edu/download/aerial/2023/tiles/sid3/935660_ne.zip,https://cteco.uconn.edu/download/aerial/2023/tiles/sid4/935660_ne.zip,https://cteco.uconn.edu/download/DEM/2023/tiles/935660_ne.zip,https://cteco.uconn.edu/download/LAZ/2023/tiles/935660_ne.zip
935660_nw,https://magic.lib.uconn.edu/magic_8/raster/37800/aerial/2012/Tiles/tif/935660.zip,https://magic.lib.uconn.edu/magic_8/raster/37800/aerial/2012/Tiles/sid/935660.zip,https://cteco.uconn.edu/download/aerial/2016/tiles/Tif/935660_nw.zip,https://cteco.uconn.edu/download/aerial/2016/tiles/sid3/935660_nw.zip,https://cteco.uconn.edu/download/aerial/2016/tiles/sid4/935660_nw.zip,https://cteco.uconn.edu/download/DEM/2016/tiles/935660_nw.zip,https://cteco.uconn.edu/download/LAS/2016/tiles/935660_nw.zip,https://cteco.uconn.edu/download/aerial/2019/tiles/tif/935660_nw.zip,https://cteco.uconn.edu/download/aerial/2023/tiles/tif/935660_nw.zip,https://cteco.uconn.edu/download/aerial/2023/tiles/sid3/935660_nw.zip,https://cteco.uconn.edu/download/aerial/2023/tiles/sid4/935660_nw.zip,https://cteco.uconn.edu/download/DEM/2023/tiles/935660_nw.zip,https://cteco.uconn.edu/download/LAZ/2023/tiles/935660_nw.zip
935660_se,https://magic.lib.uconn.edu/magic_8/raster/37800/aerial/2012/Tiles/tif/935660.zip,https://magic.lib.uconn.edu/magic_8/raster/37800/aerial/2012/Tiles/sid/935660.zip,https://cteco.uconn.edu/download/aerial/2016/tiles/Tif/935660_se.zip,https://cteco.uconn.edu/download/aerial/2016/tiles/sid3/935660_se.zip,https://cteco.uconn.edu/download/aerial/2016/tiles/sid4/935660_se.zip,https://cteco.uconn.edu/download/DEM/2016/tiles/935660_se.zip,https://cteco.uconn.edu/download/LAS/2016/tiles/935660_se.zip,https://cteco.uconn.edu/download/aerial/2019/tiles/tif/935660_se.zip,https://cteco.uconn.edu/download/aerial/2023/tiles/tif/935660_se.zip,https://cteco.uconn.edu/download/aerial/2023/tiles/sid3/935660_se.zip,https://cteco.uconn.edu/download/aerial/2023/tiles/sid4/935660_se.zip,https://cteco.uconn.edu/download/DEM/2023/tiles/935660_se.zip,https://cteco.uconn.edu/download/LAZ/2023/tiles/935660_se.zip
935660_sw,https://magic.lib.uconn.edu/magic_8/raster/37800/aerial/2012/Tiles/tif/935660.zip,https://magic.lib.uconn.edu/magic_8/raster/37800/aerial/2012/Tiles/sid/935660.zip,https://cteco.uconn.edu/download/aerial/2016/tiles/Tif/935660_sw.zip,https://cteco.uconn.edu/download/aerial/2016/tiles/sid3/935660_sw.zip,https://cteco.uconn.edu/download/aerial/2016/tiles/sid4/935660_sw.zip,https://cteco.uconn.edu/download/DEM/2016/tiles/935660_sw.zip,https://cteco.uconn.edu/download/LAS/2016/tiles/935660_sw.zip,https://cteco.uconn.edu/download/aerial/2019/tiles/tif/935660_sw.zip,https://cteco.uconn.edu/download/aerial/2023/tiles/tif/935660_sw.zip,https://cteco.uconn.edu/download/aerial/2023/tiles/sid3/935660_sw.zip,https://cteco.uconn.edu/download/aerial/2023/tiles/sid4/935660_sw.zip,https://cteco.uconn.edu/download/DEM/2023/tiles/935660_sw.zip,https://cteco.uconn.edu/download/LAZ/2023/tiles/935660_sw.zip
935665_ne,https://magic.lib.uconn.edu/magic_8/raster/37800/aerial/2012/Tiles/tif/935665.zip,https://magic.lib.uconn.edu/magic_8/raster/37800/aerial/2012/Tiles/sid/935665.zip,https://cteco.uconn.edu/download/aerial/2016/tiles/Tif/935665_ne.zip,https://cteco.uconn.edu/download/aerial/2016/tiles/sid3/935665_ne.zip,https://cteco.uconn.edu/download/aerial/2016/tiles/sid4/935665_ne.zip,https://cteco.uconn.edu/download/DEM/2016/tiles/935665_ne.zip,https://cteco.uconn.edu/download/LAS/2016/tiles/935665_ne.zip,https://cteco.uconn.edu/download/aerial/2019/tiles/tif/935665_ne.zip,https://cteco.uconn.edu/download/aerial/2023/tiles/tif/935665_ne.zip,https://cteco.uconn.edu/download/aerial/2023/tiles/sid3/935665_ne.zip,https://cteco.uconn.edu/download/aerial/2023/tiles/sid4/935665_ne.zip,https://cteco.uconn.edu/download/DEM/2023/tiles/935665_ne.zip,https://cteco.uconn.edu/download/LAZ/2023/tiles/935665_ne.zip
935665_nw,https://magic.lib.uconn.edu/magic_8/raster/37800/aerial/2012/Tiles/tif/935665.zip,https://magic.lib.uconn.edu/magic_8/raster/37800/aerial/2012/Tiles/sid/935665.zip,https://cteco.uconn.edu/download/aerial/2016/tiles/Tif/935665_nw.zip,https://cteco.uconn.edu/download/aerial/2016/tiles/sid3/935665_nw.zip,https://cteco.uconn.edu/download/aerial/2016/tiles/sid4/935665_nw.zip,https://cteco.uconn.edu/download/DEM/2016/tiles/935665_nw.zip,https://cteco.uconn.edu/download/LAS/2016/tiles/935665_nw.zip,https://cteco.uconn.edu/download/aerial/2019/tiles/tif/935665_nw.zip,https://cteco.uconn.edu/download/aerial/2023/tiles/tif/935665_nw.zip,https://cteco.uconn.edu/download/aerial/2023/tiles/sid3/935665_nw.zip,https://cteco.uconn.edu/download/aerial/2023/tiles/sid4/935665_nw.zip,https://cteco.uconn.edu/download/DEM/2023/tiles/935665_nw.zip,https://cteco.uconn.edu/download/LAZ/2023/tiles/935665_nw.zip
935665_se,https://magic.lib.uconn.edu/magic_8/raster/37800/aerial/2012/Tiles/tif/935665.zip,https://magic.lib.uconn.edu/magic_8/raster/37800/aerial/2012/Tiles/sid/935665.zip,https://cteco.uconn.edu/download/aerial/2016/tiles/Tif/935665_se.zip,https://cteco.uconn.edu/download/aerial/2016/tiles/sid3/935665_se.zip,https://cteco.uconn.edu/download/aerial/2016/tiles/sid4/935665_se.zip,https://cteco.uconn.edu/download/DEM/2016/tiles/935665_se.zip,https://cteco.uconn.edu/download/LAS/2016/tiles/935665_se.zip,https://cteco.uconn.edu/download/aerial/2019/tiles/tif/935665_se.zip,https://cteco.uconn.edu/download/aerial/2023/tiles/tif/935665_se.zip,https://cteco.uconn.edu/download/aerial/2023/tiles/sid3/935665_se.zip,https://cteco.uconn.edu/download/aerial/2023/tiles/sid4/935665_se.zip,https://cteco.uconn.edu/download/DEM/2023/tiles/935665_se.zip,https://cteco.uconn.edu/download/LAZ/2023/tiles/935665_se.zip
935665_sw,https://magic.lib.uconn.edu/magic_8/raster/37800/aerial/2012/Tiles/tif/935665.zip,https://magic.lib.uconn.edu/magic_8/raster/37800/aerial/2012/Tiles/sid/935665.zip,https://cteco.uconn.edu/download/aerial/2016/tiles/Tif/935665_sw.zip,https://cteco.uconn.edu/download/aerial/2016/tiles/sid3/935665_sw.zip,https://cteco.uconn.edu/download/aerial/2016/tiles/sid4/935665_sw.zip,https://cteco.uconn.edu/download/DEM/2016/tiles/935665_sw.zip,https://cteco.uconn.edu/download/LAS/2016/tiles/935665_sw.zip,https://cteco.uconn.edu/download/aerial/2019/tiles/tif/935665_sw.zip,https://cteco.uconn.edu/download/aerial/2023/tiles/tif/935665_sw.zip,https://cteco.uconn.edu/download/aerial/2023/tiles/sid3/935665_sw.zip,https://cteco.uconn.edu/download/aerial/2023/tiles/sid4/935665_sw.zip,https://cteco.uconn.edu/download/DEM/2023/tiles/935665_sw.zip,https://cteco.uconn.edu/download/LAZ/2023/tiles/935665_sw.zip
935670_ne,https://magic.lib.uconn.edu/magic_8/raster/37800/aerial/2012/Tiles/tif/935670.zip,https://magic.lib.uconn.edu/magic_8/raster/37800/aerial/2012/Tiles/sid/935670.zip,https://cteco.uconn.edu/download/aerial/2016/tiles/Tif/935670_ne.zip,https://cteco.uconn.edu/download/aerial/2016/tiles/sid3/935670_ne.zip,https://cteco.uconn.edu/download/aerial/2016/tiles/sid4/935670_ne.zip,https://cteco.uconn.edu/download/DEM/2016/tiles/935670_ne.zip,https://cteco.uconn.edu/download/LAS/2016/tiles/935670_ne.zip,https://cteco.uconn.edu/download/aerial/2019/tiles/tif/935670_ne.zip,https://cteco.uconn.edu/download/aerial/2023/tiles/tif/935670_ne.zip,https://cteco.uconn.edu/download/aerial/2023/tiles/sid3/935670_ne.zip,https://cteco.uconn.edu/download/aerial/2023/tiles/sid4/935670_ne.zip,https://cteco.uconn.edu/download/DEM/2023/tiles/935670_ne.zip,https://cteco.uconn.edu/download/LAZ/2023/tiles/935670_ne.zip
935670_nw,https://magic.lib.uconn.edu/magic_8/raster/37800/aerial/2012/Tiles/tif/935670.zip,https://magic.lib.uconn.edu/magic_8/raster/37800/aerial/2012/Tiles/sid/935670.zip,https://cteco.uconn.edu/download/aerial/2016/tiles/Tif/935670_nw.zip,https://cteco.uconn.edu/download/aerial/2016/tiles/sid3/935670_nw.zip,https://cteco.uconn.edu/download/aerial/2016/tiles/sid4/935670_nw.zip,https://cteco.uconn.edu/download/DEM/2016/tiles/935670_nw.zip,https://cteco.uconn.edu/download/LAS/2016/tiles/935670_nw.zip,https://cteco.uconn.edu/download/aerial/2019/tiles/tif/935670_nw.zip,https://cteco.uconn.edu/download/aerial/2023/tiles/tif/935670_nw.zip,https://cteco.uconn.edu/download/aerial/2023/tiles/sid3/935670_nw.zip,https://cteco.uconn.edu/download/aerial/2023/tiles/sid4/935670_nw.zip,https://cteco.uconn.edu/download/DEM/2023/tiles/935670_nw.zip,https://cteco.uconn.edu/download/LAZ/2023/tiles/935670_nw.zip
935670_se,https://magic.lib.uconn.edu/magic_8/raster/37800/aerial/2012/Tiles/tif/935670.zip,https://magic.lib.uconn.edu/magic_8/raster/37800/aerial/2012/Tiles/sid/935670.zip,https://cteco.uconn.edu/download/aerial/2016/tiles/Tif/935670_se.zip,https://cteco.uconn.edu/download/aerial/2016/tiles/sid3/935670_se.zip,https://cteco.uconn.edu/download/aerial/2016/tiles/sid4/935670_se.zip,https://cteco.uconn.edu/download/DEM/2016/tiles/935670_se.zip,https://cteco.uconn.edu/download/LAS/2016/tiles/935670_se.zip,https://cteco.uconn.edu/download/aerial/2019/tiles/tif/935670_se.zip,https://cteco.uconn.edu/download/aerial/2023/tiles/tif/935670_se.zip,https://cteco.uconn.edu/download/aerial/2023/tiles/sid3/935670_se.zip,https://cteco.uconn.edu/download/aerial/2023/tiles/sid4/935670_se.zip,https://cteco.uconn.edu/download/DEM/2023/tiles/935670_se.zip,https://cteco.uconn.edu/download/LAZ/2023/tiles/935670_se.zip
935670_sw,https://magic.lib.uconn.edu/magic_8/raster/37800/aerial/2012/Tiles/tif/935670.zip,https://magic.lib.uconn.edu/magic_8/raster/37800/aerial/2012/Tiles/sid/935670.zip,https://cteco.uconn.edu/download/aerial/2016/tiles/Tif/935670_sw.zip,https://cteco.uconn.edu/download/aerial/2016/tiles/sid3/935670_sw.zip,https://cteco.uconn.edu/download/aerial/2016/tiles/sid4/935670_sw.zip,https://cteco.uconn.edu/download/DEM/2016/tiles/935670_sw.zip,https://cteco.uconn.edu/download/LAS/2016/tiles/935670_sw.zip,https://cteco.uconn.edu/download/aerial/2019/tiles/tif/935670_sw.zip,https://cteco.uconn.edu/download/aerial/2023/tiles/tif/935670_sw.zip,https://cteco.uconn.edu/download/aerial/2023/tiles/sid3/935670_sw.zip,https://cteco.uconn.edu/download/aerial/2023/tiles/sid4/935670_sw.zip,https://cteco.uconn.edu/download/DEM/2023/tiles/935670_sw.zip,https://cteco.uconn.edu/download/LAZ/2023/tiles/935670_sw.zip
935675_sw,https://magic.lib.uconn.edu/magic_8/raster/37800/aerial/2012/Tiles/tif/935675.zip,https://magic.lib.uconn.edu/magic_8/raster/37800/aerial/2012/Tiles/sid/935675.zip,https://cteco.uconn.edu/download/aerial/2016/tiles/Tif/935675_sw.zip,https://cteco.uconn.edu/download/aerial/2016/tiles/sid3/935675_sw.zip,https://cteco.uconn.edu/download/aerial/2016/tiles/sid4/935675_sw.zip,https://cteco.uconn.edu/download/DEM/2016/tiles/935675_sw.zip,https://cteco.uconn.edu/download/LAS/2016/tiles/935675_sw.zip,https://cteco.uconn.edu/download/aerial/2019/tiles/tif/935675_sw.zip,https://cteco.uconn.edu/download/aerial/2023/tiles/tif/935675_sw.zip,https://cteco.uconn.edu/download/aerial/2023/tiles/sid3/935675_sw.zip,https://cteco.uconn.edu/download/aerial/2023/tiles/sid4/935675_sw.zip,https://cteco.uconn.edu/download/DEM/2023/tiles/935675_sw.zip,https://cteco.uconn.edu/download/LAZ/2023/tiles/935675_sw.zip
940645_nw,https://magic.lib.uconn.edu/magic_8/raster/37800/aerial/2012/Tiles/tif/940645.zip,https://magic.lib.uconn.edu/magic_8/raster/37800/aerial/2012/Tiles/sid/940645.zip,https://cteco.uconn.edu/download/aerial/2016/tiles/Tif/940645_nw.zip,https://cteco.uconn.edu/download/aerial/2016/tiles/sid3/940645_nw.zip,https://cteco.uconn.edu/download/aerial/2016/tiles/sid4/940645_nw.zip,https://cteco.uconn.edu/download/DEM/2016/tiles/940645_nw.zip,https://cteco.uconn.edu/download/LAS/2016/tiles/940645_nw.zip,https://cteco.uconn.edu/download/aerial/2019/tiles/tif/940645_nw.zip,https://cteco.uconn.edu/download/aerial/2023/tiles/tif/940645_nw.zip,https://cteco.uconn.edu/download/aerial/2023/tiles/sid3/940645_nw.zip,https://cteco.uconn.edu/download/aerial/2023/tiles/sid4/940645_nw.zip,https://cteco.uconn.edu/download/DEM/2023/tiles/940645_nw.zip,https://cteco.uconn.edu/download/LAZ/2023/tiles/940645_nw.zip
940650_ne,https://magic.lib.uconn.edu/magic_8/raster/37800/aerial/2012/Tiles/tif/940650.zip,https://magic.lib.uconn.edu/magic_8/raster/37800/aerial/2012/Tiles/sid/940650.zip,https://cteco.uconn.edu/download/aerial/2016/tiles/Tif/940650_ne.zip,https://cteco.uconn.edu/download/aerial/2016/tiles/sid3/940650_ne.zip,https://cteco.uconn.edu/download/aerial/2016/tiles/sid4/940650_ne.zip,https://cteco.uconn.edu/download/DEM/2016/tiles/940650_ne.zip,https://cteco.uconn.edu/download/LAS/2016/tiles/940650_ne.zip,https://cteco.uconn.edu/download/aerial/2019/tiles/tif/940650_ne.zip,https://cteco.uconn.edu/download/aerial/2023/tiles/tif/940650_ne.zip,https://cteco.uconn.edu/download/aerial/2023/tiles/sid3/940650_ne.zip,https://cteco.uconn.edu/download/aerial/2023/tiles/sid4/940650_ne.zip,https://cteco.uconn.edu/download/DEM/2023/tiles/940650_ne.zip,https://cteco.uconn.edu/download/LAZ/2023/tiles/940650_ne.zip
940650_nw,https://magic.lib.uconn.edu/magic_8/raster/37800/aerial/2012/Tiles/tif/940650.zip,https://magic.lib.uconn.edu/magic_8/raster/37800/aerial/2012/Tiles/sid/940650.zip,https://cteco.uconn.edu/download/aerial/2016/tiles/Tif/940650_nw.zip,https://cteco.uconn.edu/download/aerial/2016/tiles/sid3/940650_nw.zip,https://cteco.uconn.edu/download/aerial/2016/tiles/sid4/940650_nw.zip,https://cteco.uconn.edu/download/DEM/2016/tiles/940650_nw.zip,https://cteco.uconn.edu/download/LAS/2016/tiles/940650_nw.zip,https://cteco.uconn.edu/download/aerial/2019/tiles/tif/940650_nw.zip,https://cteco.uconn.edu/download/aerial/2023/tiles/tif/940650_nw.zip,https://cteco.uconn.edu/download/aerial/2023/tiles/sid3/940650_nw.zip,https://cteco.uconn.edu/download/aerial/2023/tiles/sid4/940650_nw.zip,https://cteco.uconn.edu/download/DEM/2023/tiles/940650_nw.zip,https://cteco.uconn.edu/download/LAZ/2023/tiles/940650_nw.zip
940650_se,https://magic.lib.uconn.edu/magic_8/raster/37800/aerial/2012/Tiles/tif/940650.zip,https://magic.lib.uconn.edu/magic_8/raster/37800/aerial/2012/Tiles/sid/940650.zip,https://cteco.uconn.edu/download/aerial/2016/tiles/Tif/940650_se.zip,https://cteco.uconn.edu/download/aerial/2016/tiles/sid3/940650_se.zip,https://cteco.uconn.edu/download/aerial/2016/tiles/sid4/940650_se.zip,https://cteco.uconn.edu/download/DEM/2016/tiles/940650_se.zip,https://cteco.uconn.edu/download/LAS/2016/tiles/940650_se.zip,https://cteco.uconn.edu/download/aerial/2019/tiles/tif/940650_se.zip,https://cteco.uconn.edu/download/aerial/2023/tiles/tif/940650_se.zip,https://cteco.uconn.edu/download/aerial/2023/tiles/sid3/940650_se.zip,https://cteco.uconn.edu/download/aerial/2023/tiles/sid4/940650_se.zip,https://cteco.uconn.edu/download/DEM/2023/tiles/940650_se.zip,https://cteco.uconn.edu/download/LAZ/2023/tiles/940650_se.zip
940650_sw,https://magic.lib.uconn.edu/magic_8/raster/37800/aerial/2012/Tiles/tif/940650.zip,https://magic.lib.uconn.edu/magic_8/raster/37800/aerial/2012/Tiles/sid/940650.zip,https://cteco.uconn.edu/download/aerial/2016/tiles/Tif/940650_sw.zip,https://cteco.uconn.edu/download/aerial/2016/tiles/sid3/940650_sw.zip,https://cteco.uconn.edu/download/aerial/2016/tiles/sid4/940650_sw.zip,https://cteco.uconn.edu/download/DEM/2016/tiles/940650_sw.zip,https://cteco.uconn.edu/download/LAS/2016/tiles/940650_sw.zip,https://cteco.uconn.edu/download/aerial/2019/tiles/tif/940650_sw.zip,https://cteco.uconn.edu/download/aerial/2023/tiles/tif/940650_sw.zip,https://cteco.uconn.edu/download/aerial/2023/tiles/sid3/940650_sw.zip,https://cteco.uconn.edu/download/aerial/2023/tiles/sid4/940650_sw.zip,https://cteco.uconn.edu/download/DEM/2023/tiles/940650_sw.zip,https://cteco.uconn.edu/download/LAZ/2023/tiles/940650_sw.zip
940655_ne,https://magic.lib.uconn.edu/magic_8/raster/37800/aerial/2012/Tiles/tif/940655.zip,https://magic.lib.uconn.edu/magic_8/raster/37800/aerial/2012/Tiles/sid/940655.zip,https://cteco.uconn.edu/download/aerial/2016/tiles/Tif/940655_ne.zip,https://cteco.uconn.edu/download/aerial/2016/tiles/sid3/940655_ne.zip,https://cteco.uconn.edu/download/aerial/2016/tiles/sid4/940655_ne.zip,https://cteco.uconn.edu/download/DEM/2016/tiles/940655_ne.zip,https://cteco.uconn.edu/download/LAS/2016/tiles/940655_ne.zip,https://cteco.uconn.edu/download/aerial/2019/tiles/tif/940655_ne.zip,https://cteco.uconn.edu/download/aerial/2023/tiles/tif/940655_ne.zip,https://cteco.uconn.edu/download/aerial/2023/tiles/sid3/940655_ne.zip,https://cteco.uconn.edu/download/aerial/2023/tiles/sid4/940655_ne.zip,https://cteco.uconn.edu/download/DEM/2023/tiles/940655_ne.zip,https://cteco.uconn.edu/download/LAZ/2023/tiles/940655_ne.zip
940655_nw,https://magic.lib.uconn.edu/magic_8/raster/37800/aerial/2012/Tiles/tif/940655.zip,https://magic.lib.uconn.edu/magic_8/raster/37800/aerial/2012/Tiles/sid/940655.zip,https://cteco.uconn.edu/download/aerial/2016/tiles/Tif/940655_nw.zip,https://cteco.uconn.edu/download/aerial/2016/tiles/sid3/940655_nw.zip,https://cteco.uconn.edu/download/aerial/2016/tiles/sid4/940655_nw.zip,https://cteco.uconn.edu/download/DEM/2016/tiles/940655_nw.zip,https://cteco.uconn.edu/download/LAS/2016/tiles/940655_nw.zip,https://cteco.uconn.edu/download/aerial/2019/tiles/tif/940655_nw.zip,https://cteco.uconn.edu/download/aerial/2023/tiles/tif/940655_nw.zip,https://cteco.uconn.edu/download/aerial/2023/tiles/sid3/940655_nw.zip,https://cteco.uconn.edu/download/aerial/2023/tiles/sid4/940655_nw.zip,https://cteco.uconn.edu/download/DEM/2023/tiles/940655_nw.zip,https://cteco.uconn.edu/download/LAZ/2023/tiles/940655_nw.zip
940655_se,https://magic.lib.uconn.edu/magic_8/raster/37800/aerial/2012/Tiles/tif/940655.zip,https://magic.lib.uconn.edu/magic_8/raster/37800/aerial/2012/Tiles/sid/940655.zip,https://cteco.uconn.edu/download/aerial/2016/tiles/Tif/940655_se.zip,https://cteco.uconn.edu/download/aerial/2016/tiles/sid3/940655_se.zip,https://cteco.uconn.edu/download/aerial/2016/tiles/sid4/940655_se.zip,https://cteco.uconn.edu/download/DEM/2016/tiles/940655_se.zip,https://cteco.uconn.edu/download/LAS/2016/tiles/940655_se.zip,https://cteco.uconn.edu/download/aerial/2019/tiles/tif/940655_se.zip,https://cteco.uconn.edu/download/aerial/2023/tiles/tif/940655_se.zip,https://cteco.uconn.edu/download/aerial/2023/tiles/sid3/940655_se.zip,https://cteco.uconn.edu/download/aerial/2023/tiles/sid4/940655_se.zip,https://cteco.uconn.edu/download/DEM/2023/tiles/940655_se.zip,https://cteco.uconn.edu/download/LAZ/2023/tiles/940655_se.zip
940655_sw,https://magic.lib.uconn.edu/magic_8/raster/37800/aerial/2012/Tiles/tif/940655.zip,https://magic.lib.uconn.edu/magic_8/raster/37800/aerial/2012/Tiles/sid/940655.zip,https://cteco.uconn.edu/download/aerial/2016/tiles/Tif/940655_sw.zip,https://cteco.uconn.edu/download/aerial/2016/tiles/sid3/940655_sw.zip,https://cteco.uconn.edu/download/aerial/2016/tiles/sid4/940655_sw.zip,https://cteco.uconn.edu/download/DEM/2016/tiles/940655_sw.zip,https://cteco.uconn.edu/download/LAS/2016/tiles/940655_sw.zip,https://cteco.uconn.edu/download/aerial/2019/tiles/tif/940655_sw.zip,https://cteco.uconn.edu/download/aerial/2023/tiles/tif/940655_sw.zip,https://cteco.uconn.edu/download/aerial/2023/tiles/sid3/940655_sw.zip,https://cteco.uconn.edu/download/aerial/2023/tiles/sid4/940655_sw.zip,https://cteco.uconn.edu/download/DEM/2023/tiles/940655_sw.zip,https://cteco.uconn.edu/download/LAZ/2023/tiles/940655_sw.zip
940660_ne,https://magic.lib.uconn.edu/magic_8/raster/37800/aerial/2012/Tiles/tif/940660.zip,https://magic.lib.uconn.edu/magic_8/raster/37800/aerial/2012/Tiles/sid/940660.zip,https://cteco.uconn.edu/download/aerial/2016/tiles/Tif/940660_ne.zip,https://cteco.uconn.edu/download/aerial/2016/tiles/sid3/940660_ne.zip,https://cteco.uconn.edu/download/aerial/2016/tiles/sid4/940660_ne.zip,https://cteco.uconn.edu/download/DEM/2016/tiles/940660_ne.zip,https://cteco.uconn.edu/download/LAS/2016/tiles/940660_ne.zip,https://cteco.uconn.edu/download/aerial/2019/tiles/tif/940660_ne.zip,https://cteco.uconn.edu/download/aerial/2023/tiles/tif/940660_ne.zip,https://cteco.uconn.edu/download/aerial/2023/tiles/sid3/940660_ne.zip,https://cteco.uconn.edu/download/aerial/2023/tiles/sid4/940660_ne.zip,https://cteco.uconn.edu/download/DEM/2023/tiles/940660_ne.zip,https://cteco.uconn.edu/download/LAZ/2023/tiles/940660_ne.zip
940660_nw,https://magic.lib.uconn.edu/magic_8/raster/37800/aerial/2012/Tiles/tif/940660.zip,https://magic.lib.uconn.edu/magic_8/raster/37800/aerial/2012/Tiles/sid/940660.zip,https://cteco.uconn.edu/download/aerial/2016/tiles/Tif/940660_nw.zip,https://cteco.uconn.edu/download/aerial/2016/tiles/sid3/940660_nw.zip,https://cteco.uconn.edu/download/aerial/2016/tiles/sid4/940660_nw.zip,https://cteco.uconn.edu/download/DEM/2016/tiles/940660_nw.zip,https://cteco.uconn.edu/download/LAS/2016/tiles/940660_nw.zip,https://cteco.uconn.edu/download/aerial/2019/tiles/tif/940660_nw.zip,https://cteco.uconn.edu/download/aerial/2023/tiles/tif/940660_nw.zip,https://cteco.uconn.edu/download/aerial/2023/tiles/sid3/940660_nw.zip,https://cteco.uconn.edu/download/aerial/2023/tiles/sid4/940660_nw.zip,https://cteco.uconn.edu/download/DEM/2023/tiles/940660_nw.zip,https://cteco.uconn.edu/download/LAZ/2023/tiles/940660_nw.zip
940660_se,https://magic.lib.uconn.edu/magic_8/raster/37800/aerial/2012/Tiles/tif/940660.zip,https://magic.lib.uconn.edu/magic_8/raster/37800/aerial/2012/Tiles/sid/940660.zip,https://cteco.uconn.edu/download/aerial/2016/tiles/Tif/940660_se.zip,https://cteco.uconn.edu/download/aerial/2016/tiles/sid3/940660_se.zip,https://cteco.uconn.edu/download/aerial/2016/tiles/sid4/940660_se.zip,https://cteco.uconn.edu/download/DEM/2016/tiles/940660_se.zip,https://cteco.uconn.edu/download/LAS/2016/tiles/940660_se.zip,https://cteco.uconn.edu/download/aerial/2019/tiles/tif/940660_se.zip,https://cteco.uconn.edu/download/aerial/2023/tiles/tif/940660_se.zip,https://cteco.uconn.edu/download/aerial/2023/tiles/sid3/940660_se.zip,https://cteco.uconn.edu/download/aerial/2023/tiles/sid4/940660_se.zip,https://cteco.uconn.edu/download/DEM/2023/tiles/940660_se.zip,https://cteco.uconn.edu/download/LAZ/2023/tiles/940660_se.zip
940660_sw,https://magic.lib.uconn.edu/magic_8/raster/37800/aerial/2012/Tiles/tif/940660.zip,https://magic.lib.uconn.edu/magic_8/raster/37800/aerial/2012/Tiles/sid/940660.zip,https://cteco.uconn.edu/download/aerial/2016/tiles/Tif/940660_sw.zip,https://cteco.uconn.edu/download/aerial/2016/tiles/sid3/940660_sw.zip,https://cteco.uconn.edu/download/aerial/2016/tiles/sid4/940660_sw.zip,https://cteco.uconn.edu/download/DEM/2016/tiles/940660_sw.zip,https://cteco.uconn.edu/download/LAS/2016/tiles/940660_sw.zip,https://cteco.uconn.edu/download/aerial/2019/tiles/tif/940660_sw.zip,https://cteco.uconn.edu/download/aerial/2023/tiles/tif/940660_sw.zip,https://cteco.uconn.edu/download/aerial/2023/tiles/sid3/940660_sw.zip,https://cteco.uconn.edu/download/aerial/2023/tiles/sid4/940660_sw.zip,https://cteco.uconn.edu/download/DEM/2023/tiles/940660_sw.zip,https://cteco.uconn.edu/download/LAZ/2023/tiles/940660_sw.zip
940665_ne,https://magic.lib.uconn.edu/magic_8/raster/37800/aerial/2012/Tiles/tif/940665.zip,https://magic.lib.uconn.edu/magic_8/raster/37800/aerial/2012/Tiles/sid/940665.zip,https://cteco.uconn.edu/download/aerial/2016/tiles/Tif/940665_ne.zip,https://cteco.uconn.edu/download/aerial/2016/tiles/sid3/940665_ne.zip,https://cteco.uconn.edu/download/aerial/2016/tiles/sid4/940665_ne.zip,https://cteco.uconn.edu/download/DEM/2016/tiles/940665_ne.zip,https://cteco.uconn.edu/download/LAS/2016/tiles/940665_ne.zip,https://cteco.uconn.edu/download/aerial/2019/tiles/tif/940665_ne.zip,https://cteco.uconn.edu/download/aerial/2023/tiles/tif/940665_ne.zip,https://cteco.uconn.edu/download/aerial/2023/tiles/sid3/940665_ne.zip,https://cteco.uconn.edu/download/aerial/2023/tiles/sid4/940665_ne.zip,https://cteco.uconn.edu/download/DEM/2023/tiles/940665_ne.zip,https://cteco.uconn.edu/download/LAZ/2023/tiles/940665_ne.zip
940665_nw,https://magic.lib.uconn.edu/magic_8/raster/37800/aerial/2012/Tiles/tif/940665.zip,https://magic.lib.uconn.edu/magic_8/raster/37800/aerial/2012/Tiles/sid/940665.zip,https://cteco.uconn.edu/download/aerial/2016/tiles/Tif/940665_nw.zip,https://cteco.uconn.edu/download/aerial/2016/tiles/sid3/940665_nw.zip,https://cteco.uconn.edu/download/aerial/2016/tiles/sid4/940665_nw.zip,https://cteco.uconn.edu/download/DEM/2016/tiles/940665_nw.zip,https://cteco.uconn.edu/download/LAS/2016/tiles/940665_nw.zip,https://cteco.uconn.edu/download/aerial/2019/tiles/tif/940665_nw.zip,https://cteco.uconn.edu/download/aerial/2023/tiles/tif/940665_nw.zip,https://cteco.uconn.edu/download/aerial/2023/tiles/sid3/940665_nw.zip,https://cteco.uconn.edu/download/aerial/2023/tiles/sid4/940665_nw.zip,https://cteco.uconn.edu/download/DEM/2023/tiles/940665_nw.zip,https://cteco.uconn.edu/download/LAZ/2023/tiles/940665_nw.zip
940665_se,https://magic.lib.uconn.edu/magic_8/raster/37800/aerial/2012/Tiles/tif/940665.zip,https://magic.lib.uconn.edu/magic_8/raster/37800/aerial/2012/Tiles/sid/940665.zip,https://cteco.uconn.edu/download/aerial/2016/tiles/Tif/940665_se.zip,https://cteco.uconn.edu/download/aerial/2016/tiles/sid3/940665_se.zip,https://cteco.uconn.edu/download/aerial/2016/tiles/sid4/940665_se.zip,https://cteco.uconn.edu/download/DEM/2016/tiles/940665_se.zip,https://cteco.uconn.edu/download/LAS/2016/tiles/940665_se.zip,https://cteco.uconn.edu/download/aerial/2019/tiles/tif/940665_se.zip,https://cteco.uconn.edu/download/aerial/2023/tiles/tif/940665_se.zip,https://cteco.uconn.edu/download/aerial/2023/tiles/sid3/940665_se.zip,https://cteco.uconn.edu/download/aerial/2023/tiles/sid4/940665_se.zip,https://cteco.uconn.edu/download/DEM/2023/tiles/940665_se.zip,https://cteco.uconn.edu/download/LAZ/2023/tiles/940665_se.zip
940665_sw,https://magic.lib.uconn.edu/magic_8/raster/37800/aerial/2012/Tiles/tif/940665.zip,https://magic.lib.uconn.edu/magic_8/raster/37800/aerial/2012/Tiles/sid/940665.zip,https://cteco.uconn.edu/download/aerial/2016/tiles/Tif/940665_sw.zip,https://cteco.uconn.edu/download/aerial/2016/tiles/sid3/940665_sw.zip,https://cteco.uconn.edu/download/aerial/2016/tiles/sid4/940665_sw.zip,https://cteco.uconn.edu/download/DEM/2016/tiles/940665_sw.zip,https://cteco.uconn.edu/download/LAS/2016/tiles/940665_sw.zip,https://cteco.uconn.edu/download/aerial/2019/tiles/tif/940665_sw.zip,https://cteco.uconn.edu/download/aerial/2023/tiles/tif/940665_sw.zip,https://cteco.uconn.edu/download/aerial/2023/tiles/sid3/940665_sw.zip,https://cteco.uconn.edu/download/aerial/2023/tiles/sid4/940665_sw.zip,https://cteco.uconn.edu/download/DEM/2023/tiles/940665_sw.zip,https://cteco.uconn.edu/download/LAZ/2023/tiles/940665_sw.zip
940670_ne,https://magic.lib.uconn.edu/magic_8/raster/37800/aerial/2012/Tiles/tif/940670.zip,https://magic.lib.uconn.edu/magic_8/raster/37800/aerial/2012/Tiles/sid/940670.zip,https://cteco.uconn.edu/download/aerial/2016/tiles/Tif/940670_ne.zip,https://cteco.uconn.edu/download/aerial/2016/tiles/sid3/940670_ne.zip,https://cteco.uconn.edu/download/aerial/2016/tiles/sid4/940670_ne.zip,https://cteco.uconn.edu/download/DEM/2016/tiles/940670_ne.zip,https://cteco.uconn.edu/download/LAS/2016/tiles/940670_ne.zip,https://cteco.uconn.edu/download/aerial/2019/tiles/tif/940670_ne.zip,https://cteco.uconn.edu/download/aerial/2023/tiles/tif/940670_ne.zip,https://cteco.uconn.edu/download/aerial/2023/tiles/sid3/940670_ne.zip,https://cteco.uconn.edu/download/aerial/2023/tiles/sid4/940670_ne.zip,https://cteco.uconn.edu/download/DEM/2023/tiles/940670_ne.zip,https://cteco.uconn.edu/download/LAZ/2023/tiles/940670_ne.zip
940670_nw,https://magic.lib.uconn.edu/magic_8/raster/37800/aerial/2012/Tiles/tif/940670.zip,https://magic.lib.uconn.edu/magic_8/raster/37800/aerial/2012/Tiles/sid/940670.zip,https://cteco.uconn.edu/download/aerial/2016/tiles/Tif/940670_nw.zip,https://cteco.uconn.edu/download/aerial/2016/tiles/sid3/940670_nw.zip,https://cteco.uconn.edu/download/aerial/2016/tiles/sid4/940670_nw.zip,https://cteco.uconn.edu/download/DEM/2016/tiles/940670_nw.zip,https://cteco.uconn.edu/download/LAS/2016/tiles/940670_nw.zip,https://cteco.uconn.edu/download/aerial/2019/tiles/tif/940670_nw.zip,https://cteco.uconn.edu/download/aerial/2023/tiles/tif/940670_nw.zip,https://cteco.uconn.edu/download/aerial/2023/tiles/sid3/940670_nw.zip,https://cteco.uconn.edu/download/aerial/2023/tiles/sid4/940670_nw.zip,https://cteco.uconn.edu/download/DEM/2023/tiles/940670_nw.zip,https://cteco.uconn.edu/download/LAZ/2023/tiles/940670_nw.zip
940670_se,https://magic.lib.uconn.edu/magic_8/raster/37800/aerial/2012/Tiles/tif/940670.zip,https://magic.lib.uconn.edu/magic_8/raster/37800/aerial/2012/Tiles/sid/940670.zip,https://cteco.uconn.edu/download/aerial/2016/tiles/Tif/940670_se.zip,https://cteco.uconn.edu/download/aerial/2016/tiles/sid3/940670_se.zip,https://cteco.uconn.edu/download/aerial/2016/tiles/sid4/940670_se.zip,https://cteco.uconn.edu/download/DEM/2016/tiles/940670_se.zip,https://cteco.uconn.edu/download/LAS/2016/tiles/940670_se.zip,https://cteco.uconn.edu/download/aerial/2019/tiles/tif/940670_se.zip,https://cteco.uconn.edu/download/aerial/2023/tiles/tif/940670_se.zip,https://cteco.uconn.edu/download/aerial/2023/tiles/sid3/940670_se.zip,https://cteco.uconn.edu/download/aerial/2023/tiles/sid4/940670_se.zip,https://cteco.uconn.edu/download/DEM/2023/tiles/940670_se.zip,https://cteco.uconn.edu/download/LAZ/2023/tiles/940670_se.zip
940670_sw,https://magic.lib.uconn.edu/magic_8/raster/37800/aerial/2012/Tiles/tif/940670.zip,https://magic.lib.uconn.edu/magic_8/raster/37800/aerial/2012/Tiles/sid/940670.zip,https://cteco.uconn.edu/download/aerial/2016/tiles/Tif/940670_sw.zip,https://cteco.uconn.edu/download/aerial/2016/tiles/sid3/940670_sw.zip,https://cteco.uconn.edu/download/aerial/2016/tiles/sid4/940670_sw.zip,https://cteco.uconn.edu/download/DEM/2016/tiles/940670_sw.zip,https://cteco.uconn.edu/download/LAS/2016/tiles/940670_sw.zip,https://cteco.uconn.edu/download/aerial/2019/tiles/tif/940670_sw.zip,https://cteco.uconn.edu/download/aerial/2023/tiles/tif/940670_sw.zip,https://cteco.uconn.edu/download/aerial/2023/tiles/sid3/940670_sw.zip,https://cteco.uconn.edu/download/aerial/2023/tiles/sid4/940670_sw.zip,https://cteco.uconn.edu/download/DEM/2023/tiles/940670_sw.zip,https://cteco.uconn.edu/download/LAZ/2023/tiles/940670_sw.zip
945650_ne,https://magic.lib.uconn.edu/magic_8/raster/37800/aerial/2012/Tiles/tif/945650.zip,https://magic.lib.uconn.edu/magic_8/raster/37800/aerial/2012/Tiles/sid/945650.zip,https://cteco.uconn.edu/download/aerial/2016/tiles/Tif/945650_ne.zip,https://cteco.uconn.edu/download/aerial/2016/tiles/sid3/945650_ne.zip,https://cteco.uconn.edu/download/aerial/2016/tiles/sid4/945650_ne.zip,https://cteco.uconn.edu/download/DEM/2016/tiles/945650_ne.zip,https://cteco.uconn.edu/download/LAS/2016/tiles/945650_ne.zip,https://cteco.uconn.edu/download/aerial/2019/tiles/tif/945650_ne.zip,https://cteco.uconn.edu/download/aerial/2023/tiles/tif/945650_ne.zip,https://cteco.uconn.edu/download/aerial/2023/tiles/sid3/945650_ne.zip,https://cteco.uconn.edu/download/aerial/2023/tiles/sid4/945650_ne.zip,https://cteco.uconn.edu/download/DEM/2023/tiles/945650_ne.zip,https://cteco.uconn.edu/download/LAZ/2023/tiles/945650_ne.zip
945650_nw,https://magic.lib.uconn.edu/magic_8/raster/37800/aerial/2012/Tiles/tif/945650.zip,https://magic.lib.uconn.edu/magic_8/raster/37800/aerial/2012/Tiles/sid/945650.zip,https://cteco.uconn.edu/download/aerial/2016/tiles/Tif/945650_nw.zip,https://cteco.uconn.edu/download/aerial/2016/tiles/sid3/945650_nw.zip,https://cteco.uconn.edu/download/aerial/2016/tiles/sid4/945650_nw.zip,https://cteco.uconn.edu/download/DEM/2016/tiles/945650_nw.zip,https://cteco.uconn.edu/download/LAS/2016/tiles/945650_nw.zip,https://cteco.uconn.edu/download/aerial/2019/tiles/tif/945650_nw.zip,https://cteco.uconn.edu/download/aerial/2023/tiles/tif/945650_nw.zip,https://cteco.uconn.edu/download/aerial/2023/tiles/sid3/945650_nw.zip,https://cteco.uconn.edu/download/aerial/2023/tiles/sid4/945650_nw.zip,https://cteco.uconn.edu/download/DEM/2023/tiles/945650_nw.zip,https://cteco.uconn.edu/download/LAZ/2023/tiles/945650_nw.zip
945655_ne,https://magic.lib.uconn.edu/magic_8/raster/37800/aerial/2012/Tiles/tif/945655.zip,https://magic.lib.uconn.edu/magic_8/raster/37800/aerial/2012/Tiles/sid/945655.zip,https://cteco.uconn.edu/download/aerial/2016/tiles/Tif/945655_ne.zip,https://cteco.uconn.edu/download/aerial/2016/tiles/sid3/945655_ne.zip,https://cteco.uconn.edu/download/aerial/2016/tiles/sid4/945655_ne.zip,https://cteco.uconn.edu/download/DEM/2016/tiles/945655_ne.zip,https://cteco.uconn.edu/download/LAS/2016/tiles/945655_ne.zip,https://cteco.uconn.edu/download/aerial/2019/tiles/tif/945655_ne.zip,https://cteco.uconn.edu/download/aerial/2023/tiles/tif/945655_ne.zip,https://cteco.uconn.edu/download/aerial/2023/tiles/sid3/945655_ne.zip,https://cteco.uconn.edu/download/aerial/2023/tiles/sid4/945655_ne.zip,https://cteco.uconn.edu/download/DEM/2023/tiles/945655_ne.zip,https://cteco.uconn.edu/download/LAZ/2023/tiles/945655_ne.zip
945655_nw,https://magic.lib.uconn.edu/magic_8/raster/37800/aerial/2012/Tiles/tif/945655.zip,https://magic.lib.uconn.edu/magic_8/raster/37800/aerial/2012/Tiles/sid/945655.zip,https://cteco.uconn.edu/download/aerial/2016/tiles/Tif/945655_nw.zip,https://cteco.uconn.edu/download/aerial/2016/tiles/sid3/945655_nw.zip,https://cteco.uconn.edu/download/aerial/2016/tiles/sid4/945655_nw.zip,https://cteco.uconn.edu/download/DEM/2016/tiles/945655_nw.zip,https://cteco.uconn.edu/download/LAS/2016/tiles/945655_nw.zip,https://cteco.uconn.edu/download/aerial/2019/tiles/tif/945655_nw.zip,https://cteco.uconn.edu/download/aerial/2023/tiles/tif/945655_nw.zip,https://cteco.uconn.edu/download/aerial/2023/tiles/sid3/945655_nw.zip,https://cteco.uconn.edu/download/aerial/2023/tiles/sid4/945655_nw.zip,https://cteco.uconn.edu/download/DEM/2023/tiles/945655_nw.zip,https://cteco.uconn.edu/download/LAZ/2023/tiles/945655_nw.zip
945655_se,https://magic.lib.uconn.edu/magic_8/raster/37800/aerial/2012/Tiles/tif/945655.zip,https://magic.lib.uconn.edu/magic_8/raster/37800/aerial/2012/Tiles/sid/945655.zip,https://cteco.uconn.edu/download/aerial/2016/tiles/Tif/945655_se.zip,https://cteco.uconn.edu/download/aerial/2016/tiles/sid3/945655_se.zip,https://cteco.uconn.edu/download/aerial/2016/tiles/sid4/945655_se.zip,https://cteco.uconn.edu/download/DEM/2016/tiles/945655_se.zip,https://cteco.uconn.edu/download/LAS/2016/tiles/945655_se.zip,https://cteco.uconn.edu/download/aerial/2019/tiles/tif/945655_se.zip,https://cteco.uconn.edu/download/aerial/2023/tiles/tif/945655_se.zip,https://cteco.uconn.edu/download/aerial/2023/tiles/sid3/945655_se.zip,https://cteco.uconn.edu/download/aerial/2023/tiles/sid4/945655_se.zip,https://cteco.uconn.edu/download/DEM/2023/tiles/945655_se.zip,https://cteco.uconn.edu/download/LAZ/2023/tiles/945655_se.zip
945655_sw,https://magic.lib.uconn.edu/magic_8/raster/37800/aerial/2012/Tiles/tif/945655.zip,https://magic.lib.uconn.edu/magic_8/raster/37800/aerial/2012/Tiles/sid/945655.zip,https://cteco.uconn.edu/download/aerial/2016/tiles/Tif/945655_sw.zip,https://cteco.uconn.edu/download/aerial/2016/tiles/sid3/945655_sw.zip,https://cteco.uconn.edu/download/aerial/2016/tiles/sid4/945655_sw.zip,https://cteco.uconn.edu/download/DEM/2016/tiles/945655_sw.zip,https://cteco.uconn.edu/download/LAS/2016/tiles/945655_sw.zip,https://cteco.uconn.edu/download/aerial/2019/tiles/tif/945655_sw.zip,https://cteco.uconn.edu/download/aerial/2023/tiles/tif/945655_sw.zip,https://cteco.uconn.edu/download/aerial/2023/tiles/sid3/945655_sw.zip,https://cteco.uconn.edu/download/aerial/2023/tiles/sid4/945655_sw.zip,https://cteco.uconn.edu/download/DEM/2023/tiles/945655_sw.zip,https://cteco.uconn.edu/download/LAZ/2023/tiles/945655_sw.zip
945660_ne,https://magic.lib.uconn.edu/magic_8/raster/37800/aerial/2012/Tiles/tif/945660.zip,https://magic.lib.uconn.edu/magic_8/raster/37800/aerial/2012/Tiles/sid/945660.zip,https://cteco.uconn.edu/download/aerial/2016/tiles/Tif/945660_ne.zip,https://cteco.uconn.edu/download/aerial/2016/tiles/sid3/945660_ne.zip,https://cteco.uconn.edu/download/aerial/2016/tiles/sid4/945660_ne.zip,https://cteco.uconn.edu/download/DEM/2016/tiles/945660_ne.zip,https://cteco.uconn.edu/download/LAS/2016/tiles/945660_ne.zip,https://cteco.uconn.edu/download/aerial/2019/tiles/tif/945660_ne.zip,https://cteco.uconn.edu/download/aerial/2023/tiles/tif/945660_ne.zip,https://cteco.uconn.edu/download/aerial/2023/tiles/sid3/945660_ne.zip,https://cteco.uconn.edu/download/aerial/2023/tiles/sid4/945660_ne.zip,https://cteco.uconn.edu/download/DEM/2023/tiles/945660_ne.zip,https://cteco.uconn.edu/download/LAZ/2023/tiles/945660_ne.zip
945660_nw,https://magic.lib.uconn.edu/magic_8/raster/37800/aerial/2012/Tiles/tif/945660.zip,https://magic.lib.uconn.edu/magic_8/raster/37800/aerial/2012/Tiles/sid/945660.zip,https://cteco.uconn.edu/download/aerial/2016/tiles/Tif/945660_nw.zip,https://cteco.uconn.edu/download/aerial/2016/tiles/sid3/945660_nw.zip,https://cteco.uconn.edu/download/aerial/2016/tiles/sid4/945660_nw.zip,https://cteco.uconn.edu/download/DEM/2016/tiles/945660_nw.zip,https://cteco.uconn.edu/download/LAS/2016/tiles/945660_nw.zip,https://cteco.uconn.edu/download/aerial/2019/tiles/tif/945660_nw.zip,https://cteco.uconn.edu/download/aerial/2023/tiles/tif/945660_nw.zip,https://cteco.uconn.edu/download/aerial/2023/tiles/sid3/945660_nw.zip,https://cteco.uconn.edu/download/aerial/2023/tiles/sid4/945660_nw.zip,https://cteco.uconn.edu/download/DEM/2023/tiles/945660_nw.zip,https://cteco.uconn.edu/download/LAZ/2023/tiles/945660_nw.zip
945660_se,https://magic.lib.uconn.edu/magic_8/raster/37800/aerial/2012/Tiles/tif/945660.zip,https://magic.lib.uconn.edu/magic_8/raster/37800/aerial/2012/Tiles/sid/945660.zip,https://cteco.uconn.edu/download/aerial/2016/tiles/Tif/945660_se.zip,https://cteco.uconn.edu/download/aerial/2016/tiles/sid3/945660_se.zip,https://cteco.uconn.edu/download/aerial/2016/tiles/sid4/945660_se.zip,https://cteco.uconn.edu/download/DEM/2016/tiles/945660_se.zip,https://cteco.uconn.edu/download/LAS/2016/tiles/945660_se.zip,https://cteco.uconn.edu/download/aerial/2019/tiles/tif/945660_se.zip,https://cteco.uconn.edu/download/aerial/2023/tiles/tif/945660_se.zip,https://cteco.uconn.edu/download/aerial/2023/tiles/sid3/945660_se.zip,https://cteco.uconn.edu/download/aerial/2023/tiles/sid4/945660_se.zip,https://cteco.uconn.edu/download/DEM/2023/tiles/945660_se.zip,https://cteco.uconn.edu/download/LAZ/2023/tiles/945660_se.zip
945660_sw,https://magic.lib.uconn.edu/magic_8/raster/37800/aerial/2012/Tiles/tif/945660.zip,https://magic.lib.uconn.edu/magic_8/raster/37800/aerial/2012/Tiles/sid/945660.zip,https://cteco.uconn.edu/download/aerial/2016/tiles/Tif/945660_sw.zip,https://cteco.uconn.edu/download/aerial/2016/tiles/sid3/945660_sw.zip,https://cteco.uconn.edu/download/aerial/2016/tiles/sid4/945660_sw.zip,https://cteco.uconn.edu/download/DEM/2016/tiles/945660_sw.zip,https://cteco.uconn.edu/download/LAS/2016/tiles/945660_sw.zip,https://cteco.uconn.edu/download/aerial/2019/tiles/tif/945660_sw.zip,https://cteco.uconn.edu/download/aerial/2023/tiles/tif/945660_sw.zip,https://cteco.uconn.edu/download/aerial/2023/tiles/sid3/945660_sw.zip,https://cteco.uconn.edu/download/aerial/2023/tiles/sid4/945660_sw.zip,https://cteco.uconn.edu/download/DEM/2023/tiles/945660_sw.zip,https://cteco.uconn.edu/download/LAZ/2023/tiles/945660_sw.zip
945665_nw,https://magic.lib.uconn.edu/magic_8/raster/37800/aerial/2012/Tiles/tif/945665.zip,https://magic.lib.uconn.edu/magic_8/raster/37800/aerial/2012/Tiles/sid/945665.zip,https://cteco.uconn.edu/download/aerial/2016/tiles/Tif/945665_nw.zip,https://cteco.uconn.edu/download/aerial/2016/tiles/sid3/945665_nw.zip,https://cteco.uconn.edu/download/aerial/2016/tiles/sid4/945665_nw.zip,https://cteco.uconn.edu/download/DEM/2016/tiles/945665_nw.zip,https://cteco.uconn.edu/download/LAS/2016/tiles/945665_nw.zip,https://cteco.uconn.edu/download/aerial/2019/tiles/tif/945665_nw.zip,https://cteco.uconn.edu/download/aerial/2023/tiles/tif/945665_nw.zip,https://cteco.uconn.edu/download/aerial/2023/tiles/sid3/945665_nw.zip,https://cteco.uconn.edu/download/aerial/2023/tiles/sid4/945665_nw.zip,https://cteco.uconn.edu/download/DEM/2023/tiles/945665_nw.zip,https://cteco.uconn.edu/download/LAZ/2023/tiles/945665_nw.zip
945665_se,https://magic.lib.uconn.edu/magic_8/raster/37800/aerial/2012/Tiles/tif/945665.zip,https://magic.lib.uconn.edu/magic_8/raster/37800/aerial/2012/Tiles/sid/945665.zip,https://cteco.uconn.edu/download/aerial/2016/tiles/Tif/945665_se.zip,https://cteco.uconn.edu/download/aerial/2016/tiles/sid3/945665_se.zip,https://cteco.uconn.edu/download/aerial/2016/tiles/sid4/945665_se.zip,https://cteco.uconn.edu/download/DEM/2016/tiles/945665_se.zip,https://cteco.uconn.edu/download/LAS/2016/tiles/945665_se.zip,https://cteco.uconn.edu/download/aerial/2019/tiles/tif/945665_se.zip,https://cteco.uconn.edu/download/aerial/2023/tiles/tif/945665_se.zip,https://cteco.uconn.edu/download/aerial/2023/tiles/sid3/945665_se.zip,https://cteco.uconn.edu/download/aerial/2023/tiles/sid4/945665_se.zip,https://cteco.uconn.edu/download/DEM/2023/tiles/945665_se.zip,https://cteco.uconn.edu/download/LAZ/2023/tiles/945665_se.zip
945665_sw,https://magic.lib.uconn.edu/magic_8/raster/37800/aerial/2012/Tiles/tif/945665.zip,https://magic.lib.uconn.edu/magic_8/raster/37800/aerial/2012/Tiles/sid/945665.zip,https://cteco.uconn.edu/download/aerial/2016/tiles/Tif/945665_sw.zip,https://cteco.uconn.edu/download/aerial/2016/tiles/sid3/945665_sw.zip,https://cteco.uconn.edu/download/aerial/2016/tiles/sid4/945665_sw.zip,https://cteco.uconn.edu/download/DEM/2016/tiles/945665_sw.zip,https://cteco.uconn.edu/download/LAS/2016/tiles/945665_sw.zip,https://cteco.uconn.edu/download/aerial/2019/tiles/tif/945665_sw.zip,https://cteco.uconn.edu/download/aerial/2023/tiles/tif/945665_sw.zip,https://cteco.uconn.edu/download/aerial/2023/tiles/sid3/945665_sw.zip,https://cteco.uconn.edu/download/aerial/2023/tiles/sid4/945665_sw.zip,https://cteco.uconn.edu/download/DEM/2023/tiles/945665_sw.zip,https://cteco.uconn.edu/download/LAZ/2023/tiles/945665_sw.zip
950655_ne,https://magic.lib.uconn.edu/magic_8/raster/37800/aerial/2012/Tiles/tif/950655.zip,https://magic.lib.uconn.edu/magic_8/raster/37800/aerial/2012/Tiles/sid/950655.zip,https://cteco.uconn.edu/download/aerial/2016/tiles/Tif/950655_ne.zip,https://cteco.uconn.edu/download/aerial/2016/tiles/sid3/950655_ne.zip,https://cteco.uconn.edu/download/aerial/2016/tiles/sid4/950655_ne.zip,https://cteco.uconn.edu/download/DEM/2016/tiles/950655_ne.zip,https://cteco.uconn.edu/download/LAS/2016/tiles/950655_ne.zip,https://cteco.uconn.edu/download/aerial/2019/tiles/tif/950655_ne.zip,https://cteco.uconn.edu/download/aerial/2023/tiles/tif/950655_ne.zip,https://cteco.uconn.edu/download/aerial/2023/tiles/sid3/950655_ne.zip,https://cteco.uconn.edu/download/aerial/2023/tiles/sid4/950655_ne.zip,https://cteco.uconn.edu/download/DEM/2023/tiles/950655_ne.zip,https://cteco.uconn.edu/download/LAZ/2023/tiles/950655_ne.zip
950655_nw,https://magic.lib.uconn.edu/magic_8/raster/37800/aerial/2012/Tiles/tif/950655.zip,https://magic.lib.uconn.edu/magic_8/raster/37800/aerial/2012/Tiles/sid/950655.zip,https://cteco.uconn.edu/download/aerial/2016/tiles/Tif/950655_nw.zip,https://cteco.uconn.edu/download/aerial/2016/tiles/sid3/950655_nw.zip,https://cteco.uconn.edu/download/aerial/2016/tiles/sid4/950655_nw.zip,https://cteco.uconn.edu/download/DEM/2016/tiles/950655_nw.zip,https://cteco.uconn.edu/download/LAS/2016/tiles/950655_nw.zip,https://cteco.uconn.edu/download/aerial/2019/tiles/tif/950655_nw.zip,https://cteco.uconn.edu/download/aerial/2023/tiles/tif/950655_nw.zip,https://cteco.uconn.edu/download/aerial/2023/tiles/sid3/950655_nw.zip,https://cteco.uconn.edu/download/aerial/2023/tiles/sid4/950655_nw.zip,https://cteco.uconn.edu/download/DEM/2023/tiles/950655_nw.zip,https://cteco.uconn.edu/download/LAZ/2023/tiles/950655_nw.zip
950655_sw,https://magic.lib.uconn.edu/magic_8/raster/37800/aerial/2012/Tiles/tif/950655.zip,https://magic.lib.uconn.edu/magic_8/raster/37800/aerial/2012/Tiles/sid/950655.zip,https://cteco.uconn.edu/download/aerial/2016/tiles/Tif/950655_sw.zip,https://cteco.uconn.edu/download/aerial/2016/tiles/sid3/950655_sw.zip,https://cteco.uconn.edu/download/aerial/2016/tiles/sid4/950655_sw.zip,https://cteco.uconn.edu/download/DEM/2016/tiles/950655_sw.zip,https://cteco.uconn.edu/download/LAS/2016/tiles/950655_sw.zip,https://cteco.uconn.edu/download/aerial/2019/tiles/tif/950655_sw.zip,https://cteco.uconn.edu/download/aerial/2023/tiles/tif/950655_sw.zip,https://cteco.uconn.edu/download/aerial/2023/tiles/sid3/950655_sw.zip,https://cteco.uconn.edu/download/aerial/2023/tiles/sid4/950655_sw.zip,https://cteco.uconn.edu/download/DEM/2023/tiles/950655_sw.zip,https://cteco.uconn.edu/download/LAZ/2023/tiles/950655_sw.zip
950660_se,https://magic.lib.uconn.edu/magic_8/raster/37800/aerial/2012/Tiles/tif/950660.zip,https://magic.lib.uconn.edu/magic_8/raster/37800/aerial/2012/Tiles/sid/950660.zip,https://cteco.uconn.edu/download/aerial/2016/tiles/Tif/950660_se.zip,https://cteco.uconn.edu/download/aerial/2016/tiles/sid3/950660_se.zip,https://cteco.uconn.edu/download/aerial/2016/tiles/sid4/950660_se.zip,https://cteco.uconn.edu/download/DEM/2016/tiles/950660_se.zip,https://cteco.uconn.edu/download/LAS/2016/tiles/950660_se.zip,https://cteco.uconn.edu/download/aerial/2019/tiles/tif/950660_se.zip,https://cteco.uconn.edu/download/aerial/2023/tiles/tif/950660_se.zip,https://cteco.uconn.edu/download/aerial/2023/tiles/sid3/950660_se.zip,https://cteco.uconn.edu/download/aerial/2023/tiles/sid4/950660_se.zip,https://cteco.uconn.edu/download/DEM/2023/tiles/950660_se.zip,https://cteco.uconn.edu/download/LAZ/2023/tiles/950660_se.zip
